{"frames":{"sprite_2":{"frame":{"x":0,"y":0,"w":48,"h":64},"rotated":false,"trimmed":false,"spriteSourceSize":{"x":0,"y":0,"w":48,"h":64},"sourceSize":{"w":48,"h":64}},"sprite_1":{"frame":{"x":49,"y":0,"w":48,"h":64},"rotated":false,"trimmed":false,"spriteSourceSize":{"x":0,"y":0,"w":48,"h":64},"sourceSize":{"w":48,"h":64}},"sprite_0":{"frame":{"x":0,"y":65,"w":48,"h":64},"rotated":false,"trimmed":false,"spriteSourceSize":{"x":0,"y":0,"w":48,"h":64},"sourceSize":{"w":48,"h":64}}},"meta":{"app":"https://www.leshylabs.com/apps/sstool/","version":"Leshy SpriteSheet Tool v0.8.4","image":"spritesheet.png","size":{"w":97,"h":129},"scale":1}}